{ "AlertAttributes": [{
        "display" : "Severidade",
        "attr" : "severity",
        "validvalues" : [
            {
              "display" : "Vermelho",
              "value" : "red"
            },
            {
              "display" : "Amarelo",
              "value" : "yellow"
            },
            {
              "display" : "Verde",
              "value" : "green"
            },
            {
              "display" : "Azul",
              "value" : "blue"
            },
            {
              "display" : "Cinza",
              "value" : "grey"
            }
        ],
        "validActions":[
            {
              "display" : "Alterar Alerta",
              "value" : "update"
            },
            {
              "display" : "Remover Alerta",
              "value" : "remove"
            }
        ]
      }],
      "RuleCategories": [{
            "label" : "Luminosidade",
            "category" : "light",
            "type": "Sensor",
            "icon" : "assets/icons/light.svg",
            "multiple": false,
            "evaluatedAttributes": [{
              "min": 0,
              "max": 100,
              "dualKnobs": true,
              "type": "number",
              "name":"value",
              "time": 600000
            }]
          },
          {
            "label" : "Movimento",
            "category" : "motion",
            "type": "Sensor",
            "icon" : "assets/icons/motion.svg",
            "multiple": false,
            "evaluatedAttributes": [{
                                    "type": "boolean",
                                    "name":"value",
                                    "time": 60000
                                   }]
          },
          {
            "label" : "Higrômetro",
            "category" : "hygrometer",
            "type": "Sensor",
            "icon" : "assets/icons/hygrometer.svg",
            "multiple": false,
            "evaluatedAttributes": [{
                                     "min": 0,
                                     "max": 100,
                                     "dualKnobs": true,
                                    "type": "number",
                                    "name":"value",
                                    "time": 600000
                                   }]
          },
          {
            "label" : "Osciloscópio",
            "category" : "oscillator",
            "type": "Sensor",
            "icon" : "assets/icons/sensor.svg",
            "multiple": false,
            "evaluatedAttributes": [{
                                     "min": 0,
                                     "max": 1024,
                                     "dualKnobs": true,
                                    "type": "number",
                                    "name":"value",
                                    "time": 600000
                                   }]
          },
          {
            "label" : "Termômetro",
            "category" : "thermometer",
            "type": "Sensor",
            "icon" : "assets/icons/thermometer.svg",
            "multiple": false,
            "evaluatedAttributes": [{
                                     "min": -20,
                                     "max": 80,
                                     "dualKnobs": true,
                                    "type": "number",
                                    "name":"value",
                                    "time": 600000
                                   }]
          },
          {
            "label" : "Proximidade",
            "category" : "proximity",
            "type": "Sensor",
            "icon" : "assets/icons/proximity.svg",
            "multiple": false,
            "evaluatedAttributes": [{
                                     "min": 0,
                                     "max": 1024,
                                     "dualKnobs": true,
                                    "type": "number",
                                    "name":"value",
                                    "time": 600000
                                   }]
          },
          {
            "label" : "Padrão",
            "category" : "sensor",
            "type": "Sensor",
            "icon" : "assets/icons/sensor.svg",
            "multiple": false,
            "evaluatedAttributes": [{
                                     "min": 0,
                                     "max": 1024,
                                     "dualKnobs": true,
                                    "type": "number",
                                    "name":"value",
                                    "time": 600000
                                   }]
          },
          {
            "label" : "Fluxo de Água",
            "category" : "flow",
            "type": "Sensor",
            "icon" : "assets/icons/waterflow.svg",
            "multiple": false,
            "evaluatedAttributes": [{
                                     "min": 0,
                                     "max": 1024,
                                     "dualKnobs": true,
                                    "type": "number",
                                    "name":"value",
                                    "time": 600000
                                   }]
          },
          {
            "label" : "Facebook",
            "category" : "facebook",
            "type": "Social",
            "icon" : "assets/icons/social/ic_facebook_48px.svg",
            "multiple": false,
            "evaluatedAttributes": [{
                                     "min": 0,
                                     "max": 1024,
                                     "dualKnobs": true,
                                    "type": "number",
                                    "name":"value"
                                   }]
          },
          {
             "label" : "Google",
             "category" : "google",
             "type": "Social",
             "icon" : "assets/icons/social/ic_google_48px.svg",
             "multiple": true,
             "searchOptions" : [{
                                  "label": "Interesse por região",
                                  "value": "interestByRegion"
                                }],
             "evaluatedAttributes": [{
                                     "type": "string",
                                     "name":"geoName"
                                   },{
                                    "min": 0,
                                    "max": 1024,
                                    "dualKnobs": true,
                                    "type": "number",
                                    "name":"value"
                                  }],
              "categoryParmsRequest" : [
                                 {
                                    "type": "string",
                                    "column" : "geo"
                                 },
                                 {
                                     "type": "string",
                                     "column" : "keyword"
                                 }]
          },
           {
             "label" : "Twitter",
             "category" : "twitter",
             "type": "Social",
             "icon" : "assets/icons/social/ic_twitter_48px.svg",
             "multiple": false,
             "evaluatedAttributes": [{
                                     "min": 0,
                                     "max": 1024,
                                     "dualKnobs": true,
                                    "type": "number",
                                    "name":"value"
                                   }]
      }],"ActionCategories": [{
          "label" : "Led",
          "category" : "led",
          "type": "action",
          "multiple": true,
          "action" : "led",
          "changedAttributes": [{
                                 "type": "boolean",
                                 "name":"connected"
                                }],
          "configurations" : {
                              "col" : 1.0,
                              "row" : 1.0,
                              "color" : "yellow",
                              "icon" : "assets/icons/led.svg",
                              "image" : "assets/images/profile_header0.png"
                          }
        },
        {
          "label" : "Acessório",
          "category" : "relay",
          "type": "action",
          "action" : "actuator",
          "changedAttributes": [{
                                "type": "boolean",
                                "name":"connected"
                               }],
          "configurations" : {
                              "col" : 1.0,
                              "row" : 1.0,
                              "color" : "yellow",
                              "icon" : "assets/icons/led.svg",
                              "image" : "assets/images/profile_header0.png"
                          }
        },
        {
          "label" : "Alerta",
          "category" : "alert",
          "type": "alert",
          "action" : "message",
          "changedAttributes": [{
                                  "type": "string",
                                  "name":"message"
                                 }],
          "configurations" : {
                              "col" : 1.0,
                              "row" : 1.0,
                              "color" : "yellow",
                              "icon" : "assets/icons/led.svg",
                              "image" : "assets/images/profile_header0.png"
                          }
        },
        {
          "label" : "Mensagem",
          "category" : "message",
          "type": "alert",
          "action" : "message",
          "changedAttributes": [{
                                "type": "string",
                                "name":"message"
                               }],
          "configurations" : {
                              "col" : 1.0,
                              "row" : 1.0,
                              "color" : "yellow",
                              "icon" : "assets/icons/led.svg",
                              "image" : "assets/images/profile_header0.png"
                          }
        }
      ],"Connectors": [{
            "icon" : "assets/icons/communication/ic_call_merge_24px.svg",
            "category" : "AND",
            "max" : 2.0,
            "label" :"AND",
            "subtype" : "boleano",
            "type" : "operador"
          },
          {
            "icon" : "assets/icons/communication/ic_call_split_24px.svg",
            "category" : "OR",
            "max" : 2.0,
            "label" :"OR",
            "subtype" : "boleano",
            "type" : "operador"
          },
          {
            "icon" : "assets/icons/notification/ic_priority_high_48px.svg",
            "category" : "NOT",
            "max" : 1.0,
            "label" :"NOT",
            "subtype" : "boleano",
            "type" : "operador"
          },
          {
            "icon" : "assets/icons/action/ic_greaterthansign.svg",
            "category" : "GT",
            "max" : "2",
            "label" :"Maior que",
            "subtype" : "relacional",
            "type" : "operador"
          },
          {
            "icon" : "assets/icons/action/ic_greaterequalsign.svg",
            "category" : "GE",
            "max" : "2",
            "label" :"Maior ou igual",
            "subtype" : "relacional",
            "type" : "operador"
          },
          {
            "icon" : "assets/icons/action/ic_lessthansign.svg",
            "category" : "LT",
            "max" : "2",
            "label" :"Menor que",
            "subtype" : "relacional",
            "type" : "operador"
          },
          {
            "icon" : "assets/icons/action/ic_lessequalsign.svg",
            "category" : "LE",
            "max" : "2",
            "label" :"Menor ou igual",
            "subtype" : "relacional",
            "type" : "operador"
          },
          {
            "icon" : "assets/icons/action/ic_equalsign.svg",
            "category" : "EQ",
            "max" : "2",
            "label" :"Igual a",
            "subtype" : "relacional",
            "type" : "operador"
          },
          {
            "icon" : "assets/icons/action/ic_leftparenthesis.svg",
            "category" : "LP",
            "label" :"( parêntesis",
            "subtype" : "parêntesis",
            "type" : "separador"
          },
          {
            "icon" : "assets/icons/action/ic_rightparenthesis.svg",
            "category" : "RP",
            "label" :") parêntesis",
            "subtype" : "parêntesis",
            "type" : "separador"
          },
          {
            "icon" : "assets/icons/action/ic_notequalsign.svg",
            "category" : "NE",
            "label" :"Diferente de",
            "subtype" : "relacional",
            "type" : "operador"
          }
      ],"categoryTypes": [{
            "display" : "Humidade",
            "value" : "moisture"
          },
          {
            "display" : "Oscilador",
            "value" : "oscillator"
          },
          {
            "display" : "Led",
            "value" : "led"
          },
          {
            "display" : "Movimento",
            "value" : "motion"
          },
          {
            "display" : "Fluxo de Água",
            "value" : "waterflow"
          }
        ], "Signs": [{
                "icon": "",
                "label" : "Maior",
                "category" : ">",
                "type" : "sign"
              },
              {
                "icon": "",
                "label" : "Menor",
                "category" : "<",
                "type" : "sign"
              },
              {
                "icon": "",
                "label" : "Igual",
                "category" : "==",
                "type" : "sign"
              },
              {
                "icon": "",
                "label" : "Diferente",
                "category" : "<>",
                "type" : "sign"
              },
              {
                "icon" : "",
                "category" : "><",
                "label" :"Entre",
                "type" : "sign"
              }
          ]
}
