{
  "ExternalApis": [{
           "type": "social",
           "category": "facebook",
           "apis" : {
               "facebookInfo" : {
                   "attributes" : "",
                     "parameters" : [
                     "access_token",
                     "fields",
                     "q",
                     "type"
                   ],
                   "path" : ""
               },
               "getid" : {
                   "attributes" : [
                     "nickname"
                   ],
                   "parameters" : {
                     "access_token" : ""
                   },
                   "path" : "/"
               }
           },
           "clientInfo" : {
               "appId" : "240020133093766",
               "appSecret" : "414408bd3b2f6ecaa63f689142ca3def",
               "clientToken" : "4254a25dca55dfdc3b4e1301450c5115",
               "secret" : "EAADaTArFoYYBACJxvDf21BbVnFHedoWGXTuUuNZAVe8dhGj79N2dVOGsALq3BKJcWIHLXXZAHwq4qNUQV0JMHJwnovn3obOgQxoM6YZAVxpc8h5V9T9ZC7IFfJZBMLffrsAeEZCkgi5FjSTmhxrQ3UZBkq4tgEmfl8mcDFpThk3dgZDZD"
           },
           "executeFunction" : "",
           "url" : "https://graph.facebook.com/",
           "version" : "v2.8/"
        },{
           "type": "database",
           "category": "firebase",
           "apis" : "",
           "clientInfo" : {
               "appId" : "",
               "appSecret" : "",
               "clientToken" : ""
           },
           "executeFunction" : "",
           "url" : ""
        },{
           "type": "code",
           "category": "github",
           "apis" : "",
           "clientInfo" : {
             "appId" : "",
               "appSecret" : "",
               "clientToken" : ""
           },
           "executeFunction" : "",
           "url" : ""
        },{
           "type": "social",
           "category": "google",
           "apis" : {
               "interestByRegion" : {
                 "attributes" : "",
                   "output" : [
                   "geoName",
                   "value"
                 ],
                   "parameters" : [
                   "keyword",
                   "startTime",
                   "endTime",
                   "geo",
                   "hl"
                 ],
                   "path" : "interestByRegion",
                   "root" : "geoMapData"
               },
               "interestOverTime" : {
                 "attributes" : "",
                   "output" : [
                   "time",
                   "value"
                 ],
                   "parameters" : [
                   "keyword",
                   "startTime",
                   "endTime",
                   "geo",
                   "resolution"
                 ],
                   "path" : "interestOverTime",
                   "root" : "timelineData"
               },
               "relatedQueries" : {
                 "attributes" : "",
                   "output" : [
                   "value"
                 ],
                   "parameters" : [
                   "keyword",
                   "startTime",
                   "endTime",
                   "geo",
                   "hl"
                 ],
                   "path" : "relatedQueries",
                   "root" : "rankedList"
               },
               "relatedTopics" : {
                 "attributes" : "",
                   "output" : [
                   "value"
                 ],
                   "parameters" : [
                   "keyword",
                   "startTime",
                   "endTime",
                   "geo",
                   "hl"
                 ],
                   "path" : "relatedTopics",
                   "root" : "rankedList"
               }
           },
           "clientInfo" : {
               "appId" : "",
               "appSecret" : "",
               "clientToken" : "1234"
           },
           "executeFunction" : "",
           "url" : "https://www.google.com"
        },{
           "type": "social",
           "category": "twitter",
           "apis" : {
               "search" : {
                 "attributes" : "",
                   "parameters" : [
                   "q"
                 ],
                   "path" : "search/tweets.json"
               },
               "trends" : {
                 "attributes" : "",
                   "parameters" : [
                   "id"
                 ],
                   "path" : "trends/place.json"
               }
           },
           "clientInfo" : {
             "appId" : "qakPneDrG2qino1ln5BhXVEMv",
               "appSecret" : "tQBwsjedD3jMbiwnGrvL2u9ywQxNvMGvtQg1dinzHVg8DvpBoJ",
               "clientToken" : "AAAAAAAAAAAAAAAAAAAAAMn0zQAAAAAAipBJa6H8K7OsBtu3nfMqSY0ZsO0%3Dxy1zLNR821yVRXE1Ncg3LiWPhFGPbVzPSKizxWHtgU13ZNNzTa",
               "token_type" : "bearer"
           },
           "executeFunction" : "",
            "url" : "https://api.twitter.com/",
            "version" : "1.1/"
        }
    ]
}
