[{"id": 0,
  "name": "Ben Sparrow",
  "lastText": "You on your way?",
  "face": "assets/icons/img/ben.png"
}, {
  "id": 1,
  "name": "Max Lynx",
  "lastText": "Hey, it's me",
  "face": "assets/icons/img/max.png"
}, {
  "id": 2,
  "name": "Adam Bradleyson",
  "lastText": "I should buy a boat",
  "face": "assets/icons/img/adam.jpg"
}, {
  "id": 3,
  "name": "Perry Governor",
  "lastText": "Look at my mukluks!",
  "face": "assets/icons/img/perry.png"
}, {
  "id": 4,
  "name": "Mike Harrington",
  "lastText": "This is wicked good ice cream.",
  "face": "assets/icons/img/mike.png"
}]
