{
  { "id": "GattTypes"
    "items": [{
        "name": "characteristics",
        "items": [{ "name": "2a00"
                    "item": {
                      "name" : "Device Name",
                      "type" : "org.bluetooth.characteristic.gap.device_name"
                    }
          },{ "name": "2a01",
             "item": {
              "name" : "Appearance",
                "type" : "org.bluetooth.characteristic.gap.appearance"
            }
          }
          },{ "name": "2a02",
             "item": {
              "name" : "Peripheral Privacy Flag",
                "type" : "org.bluetooth.characteristic.gap.peripheral_privacy_flag"
            }
          },{ "name": "2a03",
             "item": {
              "name" : "Reconnection Address",
                "type" : "org.bluetooth.characteristic.gap.reconnection_address"
            }
          },{ "name": "2a04",
             "item": {
              "name" : "Peripheral Preferred Connection Parameters",
                "type" : "org.bluetooth.characteristic.gap.peripheral_preferred_connection_parameters"
            }
          },{ "name": "2a05",
             "item": {
              "name" : "Service Changed",
                "type" : "org.bluetooth.characteristic.gatt.service_changed"
            }
          },{ "name": "2a06",
             "item": {
              "name" : "Alert Level",
                "type" : "org.bluetooth.characteristic.alert_level"
            }
          },{ "name": "2a07",
             "item": {
              "name" : "Tx Power Level",
                "type" : "org.bluetooth.characteristic.tx_power_level"
            }
          },{ "name": "2a08",
             "item": {
              "name" : "Date Time",
                "type" : "org.bluetooth.characteristic.date_time"
            }
          },{ "name": "2a09",
             "item": {
              "name" : "Day of Week",
                "type" : "org.bluetooth.characteristic.day_of_week"
            }
          },{ "name": "2a0a",
             "item": {
              "name" : "Day Date Time",
                "type" : "org.bluetooth.characteristic.day_date_time"
            }
          },{ "name": "2a0c",
             "item": {
              "name" : "Exact Time 256",
                "type" : "org.bluetooth.characteristic.exact_time_256"
            }
          },{ "name": "2a0d",
             "item": {
              "name" : "DST Offset",
                "type" : "org.bluetooth.characteristic.dst_offset"
            }
          },{ "name": "2a0e",
             "item": {
              "name" : "Time Zone",
                "type" : "org.bluetooth.characteristic.time_zone"
            }
          },{ "name": "2a0f",
             "item": {
              "name" : "Local Time Information",
                "type" : "org.bluetooth.characteristic.local_time_information"
            }
          },{ "name": "2a11",
             "item": {
              "name" : "Time with DST",
                "type" : "org.bluetooth.characteristic.time_with_dst"
            }
          },{ "name": "2a12",
             "item": {
              "name" : "Time Accuracy",
                "type" : "org.bluetooth.characteristic.time_accuracy"
            }
          },{ "name": "2a13",
             "item": {
              "name" : "Time Source",
                "type" : "org.bluetooth.characteristic.time_source"
            }
          },{ "name": "2a14",
             "item": {
              "name" : "Reference Time Information",
                "type" : "org.bluetooth.characteristic.reference_time_information"
            }
          },{ "name": "2a16",
             "item": {
              "name" : "Time Update Control Point",
                "type" : "org.bluetooth.characteristic.time_update_control_point"
            }
          },{ "name": "2a17",
             "item": {
              "name" : "Time Update State",
                "type" : "org.bluetooth.characteristic.time_update_state"
            }
          },{ "name": "2a18",
             "item": {
              "name" : "Glucose Measurement",
                "type" : "org.bluetooth.characteristic.glucose_measurement"
            }
          },{ "name": "2a19",
             "item": {
              "name" : "Battery Level",
                "type" : "org.bluetooth.characteristic.battery_level"
            }
          },{ "name": "2a1c",
             "item": {
              "name" : "Temperature Measurement",
                "type" : "org.bluetooth.characteristic.temperature_measurement"
            }
          },{ "name": "2a1d",
             "item": {
              "name" : "Temperature Type",
                "type" : "org.bluetooth.characteristic.temperature_type"
            }
          },{ "name": "2a1e",
             "item": {
              "name" : "Intermediate Temperature",
                "type" : "org.bluetooth.characteristic.intermediate_temperature"
            }
          },{ "name": "2a21",
             "item": {
              "name" : "Measurement Interval",
                "type" : "org.bluetooth.characteristic.measurement_interval"
            }
          },{ "name": "2a22",
             "item": {
              "name" : "Boot Keyboard Input Report",
                "type" : "org.bluetooth.characteristic.boot_keyboard_input_report"
            }
          },{ "name": "2a23",
             "item": {
              "name" : "System ID",
                "type" : "org.bluetooth.characteristic.system_id"
            }
          },{ "name": "2a24",
             "item": {
              "name" : "Model Number String",
                "type" : "org.bluetooth.characteristic.model_number_string"
            }
          },{ "name": "2a25",
             "item": {
              "name" : "Serial Number String",
                "type" : "org.bluetooth.characteristic.serial_number_string"
            }
          },{ "name": "2a26",
             "item": {
              "name" : "Firmware Revision String",
                "type" : "org.bluetooth.characteristic.firmware_revision_string"
            }
          },{ "name": "2a27",
             "item": {
              "name" : "Hardware Revision String",
                "type" : "org.bluetooth.characteristic.hardware_revision_string"
            }
          },{ "name": "2a28",
             "item": {
              "name" : "Software Revision String",
                "type" : "org.bluetooth.characteristic.software_revision_string"
            }
          },{ "name": "2a29",
             "item": {
              "name" : "Manufacturer Name String",
                "type" : "org.bluetooth.characteristic.manufacturer_name_string"
            }
          },{ "name": "2a2a",
             "item": {
              "name" : "IEEE 11073-20601 Regulatory Certification Data List",
                "type" : "org.bluetooth.characteristic.ieee_11073-20601_regulatory_certification_data_list"
            }
          },{ "name": "2a2b",
             "item": {
              "name" : "Current Time",
                "type" : "org.bluetooth.characteristic.current_time"
            }
          },{ "name": "2a2c",
             "item": {
              "name" : "Magnetic Declination",
                "type" : "org.bluetooth.characteristic.magnetic_declination"
            }
          },{ "name": "2a31",
             "item": {
              "name" : "Scan Refresh",
                "type" : "org.bluetooth.characteristic.scan_refresh"
            }
          },{ "name": "2a32",
             "item": {
              "name" : "Boot Keyboard Output Report",
                "type" : "org.bluetooth.characteristic.boot_keyboard_output_report"
            }
          },{ "name": "2a33",
             "item": {
              "name" : "Boot Mouse Input Report",
                "type" : "org.bluetooth.characteristic.boot_mouse_input_report"
            }
          },{ "name": "2a34",
             "item": {
              "name" : "Glucose Measurement Context",
                "type" : "org.bluetooth.characteristic.glucose_measurement_context"
            }
          },{ "name": "2a35",
             "item": {
              "name" : "Blood Pressure Measurement",
                "type" : "org.bluetooth.characteristic.blood_pressure_measurement"
            }
          },{ "name": "2a36",
             "item": {
              "name" : "Intermediate Cuff Pressure",
                "type" : "org.bluetooth.characteristic.intermediate_blood_pressure"
            }
          },{ "name": "2a37",
             "item": {
              "name" : "Heart Rate Measurement",
                "type" : "org.bluetooth.characteristic.heart_rate_measurement"
            }
          },{ "name": "2a38",
             "item": {
              "name" : "Body Sensor Location",
                "type" : "org.bluetooth.characteristic.body_sensor_location"
            }
          },{ "name": "2a39",
             "item": {
              "name" : "Heart Rate Control Point",
                "type" : "org.bluetooth.characteristic.heart_rate_control_point"
            }
          },{ "name": "2a3f",
             "item": {
              "name" : "Alert Status",
                "type" : "org.bluetooth.characteristic.alert_status"
            }
          },{ "name": "2a40",
             "item": {
              "name" : "Ringer Control Point",
                "type" : "org.bluetooth.characteristic.ringer_control_point"
            }
          },{ "name": "2a41",
             "item": {
              "name" : "Ringer Setting",
                "type" : "org.bluetooth.characteristic.ringer_setting"
            }
          },{ "name": "2a42",
             "item": {
              "name" : "Alert Category ID Bit Mask",
                "type" : "org.bluetooth.characteristic.alert_category_id_bit_mask"
            }
          },{ "name": "2a43",
             "item": {
              "name" : "Alert Category ID",
                "type" : "org.bluetooth.characteristic.alert_category_id"
            }
          },{ "name": "2a44",
             "item": {
              "name" : "Alert Notification Control Point",
                "type" : "org.bluetooth.characteristic.alert_notification_control_point"
            }
          },{ "name": "2a45",
             "item": {
              "name" : "Unread Alert Status",
                "type" : "org.bluetooth.characteristic.unread_alert_status"
            }
          },{ "name": "2a46",
             "item": {
              "name" : "New Alert",
                "type" : "org.bluetooth.characteristic.new_alert"
            }
          },{ "name": "2a47",
             "item": {
              "name" : "Supported New Alert Category",
                "type" : "org.bluetooth.characteristic.supported_new_alert_category"
            }
          },{ "name": "2a48",
             "item": {
              "name" : "Supported Unread Alert Category",
                "type" : "org.bluetooth.characteristic.supported_unread_alert_category"
            }
          },{ "name": "2a49",
             "item": {
              "name" : "Blood Pressure Feature",
                "type" : "org.bluetooth.characteristic.blood_pressure_feature"
            }
          },{ "name": "2a4a",
             "item": {
              "name" : "HID Information",
                "type" : "org.bluetooth.characteristic.hid_information"
            }
          },{ "name": "2a4b",
             "item": {
              "name" : "Report Map",
                "type" : "org.bluetooth.characteristic.report_map"
            }
          },{ "name": "2a4c",
             "item": {
              "name" : "HID Control Point",
                "type" : "org.bluetooth.characteristic.hid_control_point"
            }
          },{ "name": "2a4d",
             "item": {
              "name" : "Report",
                "type" : "org.bluetooth.characteristic.report"
            }
          },{ "name": "2a4e",
             "item": {
              "name" : "Protocol Mode",
                "type" : "org.bluetooth.characteristic.protocol_mode"
            }
          },{ "name": "2a4f",
             "item": {
              "name" : "Scan Interval Window",
                "type" : "org.bluetooth.characteristic.scan_interval_window"
            }
          },{ "name": "2a50",
             "item": {
              "name" : "PnP ID",
                "type" : "org.bluetooth.characteristic.pnp_id"
            }
          },{ "name": "2a51",
             "item": {
              "name" : "Glucose Feature",
                "type" : "org.bluetooth.characteristic.glucose_feature"
            }
          },{ "name": "2a52",
             "item": {
              "name" : "Record Access Control Point",
                "type" : "org.bluetooth.characteristic.record_access_control_point"
            }
          },{ "name": "2a53",
             "item": {
              "name" : "RSC Measurement",
                "type" : "org.bluetooth.characteristic.rsc_measurement"
            }
          },{ "name": "2a54",
             "item": {
              "name" : "RSC Feature",
                "type" : "org.bluetooth.characteristic.rsc_feature"
            }
          },{ "name": "2a55",
             "item": {
              "name" : "SC Control Point",
                "type" : "org.bluetooth.characteristic.sc_control_point"
            }
          },{ "name": "2a56",
             "item": {
              "name" : "Digital",
                "type" : "org.bluetooth.characteristic.digital"
            }
          },{ "name": "2a58",
             "item": {
              "name" : "Analog",
                "type" : "org.bluetooth.characteristic.analog"
            }
          },{ "name": "2a5a",
             "item": {
              "name" : "Aggregate",
                "type" : "org.bluetooth.characteristic.aggregate"
            }
          },{ "name": "2a5b",
             "item": {
              "name" : "CSC Measurement",
                "type" : "org.bluetooth.characteristic.csc_measurement"
            }
          },{ "name": "2a5c",
             "item": {
              "name" : "CSC Feature",
                "type" : "org.bluetooth.characteristic.csc_feature"
            }
          },{ "name": "2a5d",
             "item": {
              "name" : "Sensor Location",
                "type" : "org.bluetooth.characteristic.sensor_location"
            }
          },{ "name": "2a63",
             "item": {
              "name" : "Cycling Power Measurement",
                "type" : "org.bluetooth.characteristic.cycling_power_measurement"
            }
          },{ "name": "2a64",
             "item": {
              "name" : "Cycling Power Vector",
                "type" : "org.bluetooth.characteristic.cycling_power_vector"
            }
          },{ "name": "2a65",
             "item": {
              "name" : "Cycling Power Feature",
                "type" : "org.bluetooth.characteristic.cycling_power_feature"
            }
          },{ "name": "2a66",
             "item": {
              "name" : "Cycling Power Control Point",
                "type" : "org.bluetooth.characteristic.cycling_power_control_point"
            }
          },{ "name": "2a67",
             "item": {
              "name" : "Location and Speed",
                "type" : "org.bluetooth.characteristic.location_and_speed"
            }
          },{ "name": "2a68",
             "item": {
              "name" : "Navigation",
                "type" : "org.bluetooth.characteristic.navigation"
            }
          },{ "name": "2a69",
             "item": {
              "name" : "Position Quality",
                "type" : "org.bluetooth.characteristic.position_quality"
            }
          },{ "name": "2a6a",
             "item": {
              "name" : "LN Feature",
                "type" : "org.bluetooth.characteristic.ln_feature"
            }
          },{ "name": "2a6b",
             "item": {
              "name" : "LN Control Point",
                "type" : "org.bluetooth.characteristic.ln_control_point"
            }
          },{ "name": "2a6c",
             "item": {
              "name" : "Elevation",
                "type" : "org.bluetooth.characteristic.elevation"
            }
          },{ "name": "2a6d",
             "item": {
              "name" : "Pressure",
                "type" : "org.bluetooth.characteristic.pressure"
            }
          },{ "name": "2a6e",
             "item": {
              "name" : "Temperature",
                "type" : "org.bluetooth.characteristic.temperature"
            }
          },{ "name": "2a6f",
             "item": {
              "name" : "Humidity",
                "type" : "org.bluetooth.characteristic.humidity"
            }
          },{ "name": "2a70",
             "item": {
              "name" : "True Wind Speed",
                "type" : "org.bluetooth.characteristic.true_wind_speed"
            }
          },{ "name": "2a71",
             "item": {
              "name" : "True Wind Direction",
                "type" : "org.bluetooth.characteristic.true_wind_direction"
            }
          },{ "name": "2a72",
             "item": {
              "name" : "Apparent Wind Speed",
                "type" : "org.bluetooth.characteristic.apparent_wind_speed"
            }
          },{ "name": "2a73",
             "item": {
              "name" : "Apparent Wind Direction",
                "type" : "org.bluetooth.characteristic.apparent_wind_direction"
            }
          },{ "name": "2a74",
             "item": {
              "name" : "Gust Factor",
                "type" : "org.bluetooth.characteristic.gust_factor"
            }
          },{ "name": "2a75",
             "item": {
              "name" : "Pollen Concentration",
                "type" : "org.bluetooth.characteristic.pollen_concentration"
            }
          },{ "name": "2a76",
             "item": {
              "name" : "UV Index",
                "type" : "org.bluetooth.characteristic.uv_index"
            }
          },{ "name": "2a77",
             "item": {
              "name" : "Irradiance",
                "type" : "org.bluetooth.characteristic.irradiance"
            }
          },{ "name": "2a78",
             "item": {
              "name" : "Rainfall",
                "type" : "org.bluetooth.characteristic.rainfall"
            }
          },{ "name": "2a79",
             "item": {
              "name" : "Wind Chill",
                "type" : "org.bluetooth.characteristic.wind_chill"
            }
          },{ "name": "2a7a",
             "item": {
              "name" : "Heat Index",
                "type" : "org.bluetooth.characteristic.heat_index"
            }
          },{ "name": "2a7b",
             "item": {
              "name" : "Dew Point",
                "type" : "org.bluetooth.characteristic.dew_point"
            }
          },{ "name": "2a7d",
             "item": {
              "name" : "Descriptor Value Changed",
                "type" : "org.bluetooth.characteristic.descriptor_value_change"
            }
          },{ "name": "2a7e",
             "item": {
              "name" : "Aerobic Heart Rate Lower Limit",
                "type" : "org.bluetooth.characteristic.aerobic_heart_rate_lower_limit"
            }
          },{ "name": "2a7f",
             "item": {
              "name" : "Aerobic Threshold",
                "type" : "org.bluetooth.characteristic.aerobic_threshold"
            }
          },{ "name": "2a80",
             "item": {
              "name" : "Age",
                "type" : "org.bluetooth.characteristic.age"
            }
          },{ "name": "2a81",
             "item": {
              "name" : "Anaerobic Heart Rate Lower Limit",
                "type" : "org.bluetooth.characteristic.anaerobic_heart_rate_lower_limit"
            }
          },{ "name": "2a82",
             "item": {
              "name" : "Anaerobic Heart Rate Upper Limit",
                "type" : "org.bluetooth.characteristic.anaerobic_heart_rate_upper_limit"
            }
          },{ "name": "2a83",
             "item": {
              "name" : "Anaerobic Threshold",
                "type" : "org.bluetooth.characteristic.anaerobic_threshold"
            }
          },{ "name": "2a84",
             "item": {
              "name" : "Aerobic Heart Rate Upper Limit",
                "type" : "org.bluetooth.characteristic.aerobic_heart_rate_upper_limit"
            }
          },{ "name": "2a85",
             "item": {
              "name" : "Date of Birth",
                "type" : "org.bluetooth.characteristic.date_of_birth"
            }
          },{ "name": "2a86",
             "item": {
              "name" : "Date of Threshold Assessment",
                "type" : "org.bluetooth.characteristic.date_of_threshold_assessment"
            }
          },{ "name": "2a87",
             "item": {
              "name" : "Email Address",
                "type" : "org.bluetooth.characteristic.email_address"
            }
          },{ "name": "2a88",
             "item": {
              "name" : "Fat Burn Heart Rate Lower Limit",
                "type" : "org.bluetooth.characteristic.fat_burn_heart_lower_limit"
            }
          },{ "name": "2a89",
             "item": {
              "name" : "Fat Burn Heart Rate Upper Limit",
                "type" : "org.bluetooth.characteristic.fat_burn_heart_upper_limit"
            }
          },{ "name": "2a8a",
             "item": {
              "name" : "First Name",
                "type" : "org.bluetooth.characteristic.first_name"
            }
          },{ "name": "2a8b",
             "item": {
              "name" : "Five Zone Heart Rate Limits",
                "type" : "org.bluetooth.characteristic.five_zone_heart_rate_limits"
            }
          },{ "name": "2a8c",
             "item": {
              "name" : "Gender",
                "type" : "org.bluetooth.characteristic.gender"
            }
          },{ "name": "2a8d",
             "item": {
              "name" : "Heart Rate Max",
                "type" : "org.bluetooth.characteristic.heart_rate_max"
            }
          },{ "name": "2a8e",
             "item": {
              "name" : "Height",
                "type" : "org.bluetooth.characteristic.height"
            }
          },{ "name": "2a8f",
             "item": {
              "name" : "Hip Circumference",
                "type" : "org.bluetooth.characteristic.hip_circumference"
            }
          },{ "name": "2a90",
             "item": {
              "name" : "Last Name",
                "type" : "org.bluetooth.characteristic.last_name"
            }
          },{ "name": "2a91",
             "item": {
              "name" : "Maximum Recommended Heart Rate",
                "type" : "org.bluetooth.characteristic.maximum_recommended_heart_rate"
            }
          },{ "name": "2a92",
             "item": {
              "name" : "Resting Heart Rate",
                "type" : "org.bluetooth.characteristic.resting_heart_rate"
            }
          },{ "name": "2a93",
             "item": {
              "name" : "Sport Type for Aerobic and Anaerobic Threshold",
                "type" : "org.bluetooth.characteristic.sport_type_for_aerobic_and_anaerobic_threshold"
            }
          },{ "name": "2a94",
             "item": {
              "name" : "Three Zone Heart Rate Limits",
                "type" : "org.bluetooth.characteristic.three_zone_heart_rate_limits"
            }
          },{ "name": "2a95",
             "item": {
              "name" : "Two Zone Heart Rate Limit",
                "type" : "org.bluetooth.characteristic.two_zone_heart_rate_limit"
            }
          },{ "name": "2a96",
             "item": {
              "name" : "VO2 Max",
                "type" : "org.bluetooth.characteristic.vo2_max"
            }
          },{ "name": "2a97",
             "item": {
              "name" : "Waist Circumference",
                "type" : "org.bluetooth.characteristic.waist_circumference"
            }
          },{ "name": "2a98",
             "item": {
              "name" : "Weight",
                "type" : "org.bluetooth.characteristic.weight"
            }
          },{ "name": "2a99",
             "item": {
              "name" : "Database Change Increment",
                "type" : "org.bluetooth.characteristic.database_change_increment"
            }
          },{ "name": "2a9a",
             "item": {
              "name" : "User Index",
                "type" : "org.bluetooth.characteristic.user_index"
            }
          },{ "name": "2a9b",
             "item": {
              "name" : "Body Composition Feature",
                "type" : "org.bluetooth.characteristic.body_composition_feature"
            }
          },{ "name": "2a9c",
             "item": {
              "name" : "Body Composition Measurement",
                "type" : "org.bluetooth.characteristic.body_composition_measurement"
            }
          },{ "name": "2a9d",
             "item": {
              "name" : "Weight Measurement",
                "type" : "org.bluetooth.characteristic.weight_measurement"
            }
          },{ "name": "2a9e",
             "item": {
              "name" : "Weight Scale Feature",
                "type" : "org.bluetooth.characteristic.weight_scale_feature"
            }
          },{ "name": "2a9f",
             "item": {
              "name" : "User Control Point",
                "type" : "org.bluetooth.characteristic.user_control_point"
            }
          },{ "name": "2aa0",
             "item": {
              "name" : "Magnetic Flux Density - 2D",
                "type" : "org.bluetooth.characteristic.magnetic_flux_density_2d"
            }
          },{ "name": "2aa1",
             "item": {
              "name" : "Magnetic Flux Density - 3D",
                "type" : "org.bluetooth.characteristic.magnetic_flux_density_3d"
            }
          },{ "name": "2aa2",
             "item": {
              "name" : "Language",
                "type" : "org.bluetooth.characteristic.language"
            }
          },{ "name": "2aa3",
             "item": {
              "name" : "Barometric Pressure Trend",
                "type" : "org.bluetooth.characteristic.barometric_pressure_trend"
            }
          },{ "name": "2aa4",
             "item": {
              "name" : "Bond Management Control Point",
                "type" : "org.bluetooth.characteristic.bond_management_control_point"
            }
          },{ "name": "2aa5",
             "item": {
              "name" : "Bond Management Feature",
                "type" : "org.bluetooth.characteristic.bond_management_feature"
            }
          },{ "name": "2aa6",
             "item": {
              "name" : "Central Address Resolution",
                "type" : "org.bluetooth.characteristic.central_address_resolution"
            }
          },{ "name": "2aa7",
             "item": {
              "name" : "CGM Measurement",
                "type" : "org.bluetooth.characteristic.cgm_measurement"
            }
          },{ "name": "2aa8",
             "item": {
              "name" : "CGM Feature",
                "type" : "org.bluetooth.characteristic.cgm_feature"
            }
          },{ "name": "2aa9",
             "item": {
              "name" : "CGM Status",
                "type" : "org.bluetooth.characteristic.cgm_status"
            }
          },{ "name": "2aaa",
             "item": {
              "name" : "CGM Session Start Time",
                "type" : "org.bluetooth.characteristic.cgm_session_start_time"
            }
          },{ "name": "2aab",
             "item": {
              "name" : "CGM Session Run Time",
                "type" : "org.bluetooth.characteristic.cgm_session_run_time"
            }
          },{ "name": "2aac",
             "item": {
              "name" : "CGM Specific Ops Control Point",
                "type" : "org.bluetooth.characteristic.cgm_specific_ops_control_point"
            }
          },{ "name": "2aad",
             "item": {
              "name" : "Indoor Positioning Configuration",
                "type" : "org.bluetooth.characteristic.indoor_positioning_configuration"
            }
          },{ "name": "2aae",
             "item": {
              "name" : "Latitude",
                "type" : "org.bluetooth.characteristic.latitude"
            }
          },{ "name": "2aaf",
             "item": {
              "name" : "Longitude",
                "type" : "org.bluetooth.characteristic.longitude"
            }
          },{ "name": "2ab0",
             "item": {
              "name" : "Local North Coordinate",
                "type" : "org.bluetooth.characteristic.local_north_coordinate"
            }
          },{ "name": "2ab1",
             "item": {
              "name" : "Local East Coordinate",
                "type" : "org.bluetooth.characteristic.local_east_coordinate"
            }
          },{ "name": "2ab2",
             "item": {
              "name" : "Floor Number",
                "type" : "org.bluetooth.characteristic.floor_number"
            }
          },{ "name": "2ab3",
             "item": {
              "name" : "Altitude",
                "type" : "org.bluetooth.characteristic.altitude"
            }
          },{ "name": "2ab4",
             "item": {
              "name" : "Uncertainty",
                "type" : "org.bluetooth.characteristic.uncertainty"
            }
          },{ "name": "2ab5",
             "item": {
              "name" : "Location Name",
                "type" : "org.bluetooth.characteristic.location_name"
            }
          },{ "name": "2ab6",
             "item": {
              "name" : "URI",
                "type" : "org.bluetooth.characteristic.uri"
            }
          },{ "name": "2ab7",
             "item": {
              "name" : "HTTP Headers",
                "type" : "org.bluetooth.characteristic.http_headers"
            }
          },{ "name": "2ab8",
             "item": {
              "name" : "HTTP Status Code ",
                "type" : "org.bluetooth.characteristic.http_status_code"
            }
          },{ "name": "2ab9",
             "item": {
              "name" : "HTTP Entity Body ",
                "type" : "org.bluetooth.characteristic.http_entity_body"
            }
          },{ "name": "2aba",
             "item": {
              "name" : "HTTP Control Point ",
                "type" : "org.bluetooth.characteristic.http_control_point"
            }
          },{ "name": "2abb",
             "item": {
              "name" : "HTTPS Security ",
                "type" : "org.bluetooth.characteristic.https_security"
            }
          },{ "name": "2abc",
             "item": {
              "name" : "TDS Control Point",
                "type" : "org.bluetooth.characteristic.tds_control_point"
            }
          },{ "name": "2abd",
             "item": {
              "name" : "OTS Feature",
                "type" : "org.bluetooth.characteristic.ots_feature"
            }
          },{ "name": "2abe",
             "item": {
              "name" : "Object Name",
                "type" : "org.bluetooth.characteristic.object_name"
            }
          },{ "name": "2abf",
             "item": {
              "name" : "Object Type",
                "type" : "org.bluetooth.characteristic.object_type"
            }
          },{ "name": "2ac0",
             "item": {
              "name" : "Object Size",
                "type" : "org.bluetooth.characteristic.object_size"
            }
          },{ "name": "2ac1",
             "item": {
              "name" : "Object First-Created ",
                "type" : "org.bluetooth.characteristic.object_first_created"
            }
          },{ "name": "2ac2",
             "item": {
              "name" : "Object Last-Modified ",
                "type" : "org.bluetooth.characteristic.object_last_modified"
            }
          },{ "name": "2ac3",
             "item": {
              "name" : "Object ID",
                "type" : "org.bluetooth.characteristic.object_id"
            }
          },{ "name": "2ac4",
             "item": {
              "name" : "Object Properties",
                "type" : "org.bluetooth.characteristic.object_properties"
            }
          },{ "name": "2ac5",
             "item": {
              "name" : "Object Action Control Point",
                "type" : "org.bluetooth.characteristic.object_action_control_point"
            }
          },{ "name": "2ac6",
             "item": {
              "name" : "Object List Control Point",
                "type" : "org.bluetooth.characteristic.object_list_control_point"
            }
          },{ "name": "2ac7",
             "item": {
              "name" : "Object List Filter ",
                "type" : "org.bluetooth.characteristic.object_list_filter"
            }
          },{ "name": "2ac8",
             "item": {
              "name" : "Object Changed ",
                "type" : "org.bluetooth.characteristic.object_changed"
            }
          },{ "name": "2ac9",
             "item": {
              "name" : "Resolvable  Private Address Only",
                "type" : "org.bluetooth.characteristic.resolvable_private_address_only"
            }
          },{ "name": "2acc",
             "item": {
              "name" : "Fitness Machine Feature",
                "type" : "org.bluetooth.characteristic.fitness_machine_feature"
            }
          },{ "name": "2acd",
             "item": {
              "name" : "Tread mill Data ",
                "type" : "org.bluetooth.characteristic.treadmill_data"
            }
          },{ "name": "2ace",
             "item": {
              "name" : "Cross Trainer Data  ",
                "type" : "org.bluetooth.characteristic.cross_trainer_data"
            }
          },{ "name": "2acf",
             "item": {
              "name" : "Step Climber Data",
                "type" : "org.bluetooth.characteristic.step_climber_data"
            }
          },{ "name": "2ad0",
             "item": {
              "name" : "Stair Climber Data",
                "type" : "org.bluetooth.characteristic.stair_climber_data"
            }
          },{ "name": "2ad1",
             "item": {
              "name" : "Rower Data",
                "type" : "org.bluetooth.characteristic.rower_data"
            }
          },{ "name": "2ad2",
             "item": {
              "name" : "Indoor Bike Data ",
                "type" : "org.bluetooth.characteristic.indoor_bike_data"
            }
          },{ "name": "2ad3",
             "item": {
              "name" : "Training Status",
                "type" : "org.bluetooth.characteristic.training_status"
            }
          },{ "name": "2ad4",
             "item": {
              "name" : "Supported  Speed Range",
                "type" : "org.bluetooth.characteristic.supported_speed_range"
            }
          },{ "name": "2ad5",
             "item": {
              "name" : "Supported  Inclination Range",
                "type" : "org.bluetooth.characteristic.supported_inclination_range"
            }
          },{ "name": "2ad6",
             "item": {
              "name" : "Supported  Resistance Level Range",
                "type" : "org.bluetooth.characteristic.supported_resistance_level_range"
            }
          },{ "name": "2ad7",
             "item": {
              "name" : "Supported  Heart Rate Range",
                "type" : "org.bluetooth.characteristic.supported_heart_rate_range"
            }
          },{ "name": "2ad8",
             "item": {
              "name" : "Supported  Power Range",
                "type" : "org.bluetooth.characteristic.supported_power_range"
            }
          },{ "name": "2ad9",
             "item": {
              "name" : "Fitness Machine Control Point",
                "type" : "org.bluetooth.characteristic.fitness_machine_control_point"
            }
          },{ "name": "2ada",
             "item": {
              "name" : "Fitness Machine Status",
                "type" : "org.bluetooth.characteristic.fitness_machine_status"
            }
          }
        ]
    },{
        "name": "declarations",
        "items": []
    },{
        "name": "descriptors",
        "items": [{ "name": "2900",
                    "item" : {
                      "name" : "Characteristic Extended Properties",
                      "type" : "org.bluetooth.descriptor.gatt.characteristic_extended_properties"
                    }
                  },{ "name": "2901",
                    "item" : {
                      "name" : "Characteristic User Description",
                      "type" : "org.bluetooth.descriptor.gatt.characteristic_user_description"
                    }
                  },
                  { "name": "2902",
                    "item" : {
                      "name" : "Client Characteristic Configuration",
                      "type" : "org.bluetooth.descriptor.gatt.client_characteristic_configuration"
                    }
                  },
                  { "name": "2903",
                    "item" : {
                      "name" : "Server Characteristic Configuration",
                      "type" : "org.bluetooth.descriptor.gatt.server_characteristic_configuration"
                    }
                  },
                  { "name": "2904",
                    "item" : {
                      "name" : "Characteristic Presentation Format",
                      "type" : "org.bluetooth.descriptor.gatt.characteristic_presentation_format"
                    }
                  },
                  { "name": "2905",
                    "item" : {
                      "name" : "Characteristic Aggregate Format",
                      "type" : "org.bluetooth.descriptor.gatt.characteristic_aggregate_format"
                    }
                  },
                  { "name": "2906",
                    "item" : {
                      "name" : "Valid Range",
                      "type" : "org.bluetooth.descriptor.valid_range"
                    }
                  },
                  { "name": "2907",
                    "item" : {
                      "name" : "External Report Reference",
                      "type" : "org.bluetooth.descriptor.external_report_reference"
                    }
                  },
                  { "name": "2908",
                    "item" : {
                      "name" : "Report Reference",
                      "type" : "org.bluetooth.descriptor.report_reference"
                    }
                  },
                  { "name": "2909",
                    "item" : {
                      "name" : "Number of Digitals",
                      "type" : "org.bluetooth.descriptor.number_of_digitals"
                    }
                  },
                  { "name": "290a",
                    "item" : {
                      "name" : "Value Trigger Setting",
                      "type" : "org.bluetooth.descriptor.value_trigger_setting"
                    }
                  },
                  { "name": "290b",
                    "item" : {
                      "name" : "Environmental Sensing Configuration",
                      "type" : "org.bluetooth.descriptor.environmental_sensing_configuration"
                    }
                  },
                  { "name": "290c",
                    "item" : {
                      "name" : "Environmental Sensing Measurement",
                      "type" : "org.bluetooth.descriptor.environmental_sensing_measurement"
                    }
                  },
                  { "name": "290d",
                    "item" : {
                      "name" : "Environmental Sensing Trigger Setting",
                      "type" : "org.bluetooth.descriptor.environmental_sensing_trigger_setting"
                    }
                  },
                  { "name": "290e",
                    "item" : {
                      "name" : "Time Trigger Setting",
                      "type" : "org.bluetooth.descriptor.time_trigger_setting"
                  }
        ]
    },
    {
      "name": "services",
      "items": [{ "name": "1800",
                  "item": {
                      "name" : "Generic Access",
                      "type" : "org.bluetooth.service.generic_access"
                  }
                },{ "name": "1801",
                    "item" : {
                      "name" : "Generic Attribute",
                      "type" : "org.bluetooth.service.generic_attribute"
                  }
                },{ "name": 1802",
                    "item" : {
                      "name" : "Immediate Alert",
                      "type" : "org.bluetooth.service.immediate_alert"
                  }
                },{ "name": 1803",
                    "item" : {
                      "name" : "Link Loss",
                      "type" : "org.bluetooth.service.link_loss"
                  }
                },{ "name": 1804",
                    "item" : {
                      "name" : "Tx Power",
                      "type" : "org.bluetooth.service.tx_power"
                  }
                },{ "name": 1805",
                    "item" : {
                      "name" : "Current Time Service",
                      "type" : "org.bluetooth.service.current_time"
                  }
                },{ "name": 1806",
                    "item" : {
                      "name" : "Reference Time Update Service",
                      "type" : "org.bluetooth.service.reference_time_update"
                  }
                },{ "name": 1807",
                    "item" : {
                      "name" : "Next DST Change Service",
                      "type" : "org.bluetooth.service.next_dst_change"
                  }
                },{ "name": 1808",
                    "item" : {
                      "name" : "Glucose",
                      "type" : "org.bluetooth.service.glucose"
                  }
                },{ "name": 1809",
                    "item" : {
                      "name" : "Health Thermometer",
                      "type" : "org.bluetooth.service.health_thermometer"
                  }
                },{ "name": 1810",
                    "item" : {
                      "name" : "Blood Pressure",
                      "type" : "org.bluetooth.service.blood_pressuer"
                  }
                },{ "name": 1811",
                    "item" : {
                      "name" : "Alert Notification Service",
                      "type" : "org.bluetooth.service.alert_notification"
                  }
                },{ "name": 1812",
                    "item" : {
                      "name" : "Human Interface Device",
                      "type" : "org.bluetooth.service.human_interface_device"
                  }
                },{ "name": 1813",
                    "item" : {
                      "name" : "Scan Parameters",
                      "type" : "org.bluetooth.service.scan_parameters"
                  }
                },{ "name": 1814",
                    "item" : {
                      "name" : "Running Speed and Cadence",
                      "type" : "org.bluetooth.service.running_speed_and_cadence"
                  }
                },{ "name": 1815",
                    "item" : {
                      "name" : "Automation IO",
                      "type" : "org.bluetooth.service.automation_io"
                  }
                },{ "name": 1816",
                    "item" : {
                      "name" : "Cycling Speed and Cadence",
                      "type" : "org.bluetooth.service.cycling_speed_and_cadence"
                  }
                },{ "name": 1818",
                    "item" : {
                      "name" : "Cycling Power",
                      "type" : "org.bluetooth.service.cycling_power"
                  }
                },{ "name": 1819",
                    "item" : {
                      "name" : "Location and Navigation",
                      "type" : "org.bluetooth.service.location_and_navigation"
                  }
                },{ "name": 1820",
                    "item" : {
                      "name" : "Internet Protocol Support",
                      "type" : "org.bluetooth.service.internet_protocol_support"
                  }
                },{ "name": 1821",
                    "item" : {
                      "name" : "Indoor Positioning",
                      "type" : "org.bluetooth.service.indoor_positioning"
                  }
                },{ "name": 1822",
                    "item" : {
                      "name" : "Pulse Oximeter",
                      "type" : "org.bluetooth.service.pulse_oximeter"
                  }
                },{ "name": 1823",
                    "item" : {
                      "name" : "HTTP Proxy",
                      "type" : "org.bluetooth.service.http_proxy"
                  }
                },{ "name": 1824",
                    "item" : {
                      "name" : "Transport Discovery",
                      "type" : "org.bluetooth.service.transport_discovery"
                  }
                },{ "name": 1825",
                    "item" : {
                      "name" : "Object Transfer",
                      "type" : "org.bluetooth.service.object_transfer"
                  }
                },{ "name": 1826",
                    "item" : {
                      "name" : "Fitness Machine",
                      "type" : "org.bluetooth.service.fitness_machine"
                  }
                },{ "name": 180a",
                    "item" : {
                      "name" : "Device Information",
                      "service" : "<Service xsi:noNamespaceSchemaLocation=\"http://schemas.bluetooth.org/Documents/service.xsd\" xmlns:xsi=\"http://www.w3.org/2001/XMLSchema-instance\" type=\"org.bluetooth.service.device_information\" uuid=\"180A\" name=\"Device Information\" last-modified=\"2011-10-28\" approved=\"Yes\"><InformativeText><Abstract>     The Device Information Service exposes manufacturer and/or vendor information about a device.             \t\t</Abstract><Summary>                 This service exposes manufacturer information about a device.     The Device Information Service is instantiated as a Primary Service.     Only one instance of the Device Information Service is exposed on a device. \t\t</Summary></InformativeText><Dependencies><Dependency>This service is not dependent upon any other services.</Dependency></Dependencies><Transports><Classic>true</Classic><LowEnergy>true</LowEnergy></Transports><ErrorCodes></ErrorCodes><Characteristics><Characteristic name=\"Manufacturer Name String\" type=\"org.bluetooth.characteristic.manufacturer_name_string\"><InformativeText>             This characteristic represents the name of the manufacturer of the device.           </InformativeText><Requirement>Optional</Requirement><Properties><Read>Mandatory</Read><Write>Excluded</Write><WriteWithoutResponse>Excluded</WriteWithoutResponse><SignedWrite>Excluded</SignedWrite><ReliableWrite>Excluded</ReliableWrite><Notify>Excluded</Notify><Indicate>Excluded</Indicate><WritableAuxiliaries>Excluded</WritableAuxiliaries><Broadcast>Excluded</Broadcast></Properties></Characteristic><Characteristic name=\"Model Number String\" type=\"org.bluetooth.characteristic.model_number_string\"><InformativeText>             This characteristic represents the model number that is assigned by the device vendor.           </InformativeText><Requirement>Optional</Requirement><Properties><Read>Mandatory</Read><Write>Excluded</Write><WriteWithoutResponse>Excluded</WriteWithoutResponse><SignedWrite>Excluded</SignedWrite><ReliableWrite>Excluded</ReliableWrite><Notify>Excluded</Notify><Indicate>Excluded</Indicate><WritableAuxiliaries>Excluded</WritableAuxiliaries><Broadcast>Excluded</Broadcast></Properties></Characteristic><Characteristic name=\"Serial Number String\" type=\"org.bluetooth.characteristic.serial_number_string\"><InformativeText>             This characteristic represents the serial number for a particular instance of the device.           </InformativeText><Requirement>Optional</Requirement><Properties><Read>Mandatory</Read><Write>Excluded</Write><WriteWithoutResponse>Excluded</WriteWithoutResponse><SignedWrite>Excluded</SignedWrite><ReliableWrite>Excluded</ReliableWrite><Notify>Excluded</Notify><Indicate>Excluded</Indicate><WritableAuxiliaries>Excluded</WritableAuxiliaries><Broadcast>Excluded</Broadcast></Properties></Characteristic><Characteristic name=\"Hardware Revision String\" type=\"org.bluetooth.characteristic.hardware_revision_string\"><InformativeText>             This characteristic represents the hardware revision for the hardware within the device.           </InformativeText><Requirement>Optional</Requirement><Properties><Read>Mandatory</Read><Write>Excluded</Write><WriteWithoutResponse>Excluded</WriteWithoutResponse><SignedWrite>Excluded</SignedWrite><ReliableWrite>Excluded</ReliableWrite><Notify>Excluded</Notify><Indicate>Excluded</Indicate><WritableAuxiliaries>Excluded</WritableAuxiliaries><Broadcast>Excluded</Broadcast></Properties></Characteristic><Characteristic name=\"Firmware Revision String\" type=\"org.bluetooth.characteristic.firmware_revision_string\"><InformativeText>             This characteristic represents the firmware revision for the firmware within the device.           </InformativeText><Requirement>Optional</Requirement><Properties><Read>Mandatory</Read><Write>Excluded</Write><WriteWithoutResponse>Excluded</WriteWithoutResponse><SignedWrite>Excluded</SignedWrite><ReliableWrite>Excluded</ReliableWrite><Notify>Excluded</Notify><Indicate>Excluded</Indicate><WritableAuxiliaries>Excluded</WritableAuxiliaries><Broadcast>Excluded</Broadcast></Properties></Characteristic><Characteristic name=\"Software Revision String\" type=\"org.bluetooth.characteristic.software_revision_string\"><InformativeText>             This characteristic represents the software revision for the software within the device.           </InformativeText><Requirement>Optional</Requirement><Properties><Read>Mandatory</Read><Write>Excluded</Write><WriteWithoutResponse>Excluded</WriteWithoutResponse><SignedWrite>Excluded</SignedWrite><ReliableWrite>Excluded</ReliableWrite><Notify>Excluded</Notify><Indicate>Excluded</Indicate><WritableAuxiliaries>Excluded</WritableAuxiliaries><Broadcast>Excluded</Broadcast></Properties></Characteristic><Characteristic name=\"System ID\" type=\"org.bluetooth.characteristic.system_id\"><InformativeText>             This characteristic represents a structure containing an Organizationally Unique Identifier (OUI) followed by a manufacturer-defined identifier and is unique for each individual instance of the product.           </InformativeText><Requirement>Optional</Requirement><Properties><Read>Mandatory</Read><Write>Excluded</Write><WriteWithoutResponse>Excluded</WriteWithoutResponse><SignedWrite>Excluded</SignedWrite><ReliableWrite>Excluded</ReliableWrite><Notify>Excluded</Notify><Indicate>Excluded</Indicate><WritableAuxiliaries>Excluded</WritableAuxiliaries><Broadcast>Excluded</Broadcast></Properties></Characteristic><Characteristic name=\"IEEE 11073-20601 Regulatory Certification Data List\" type=\"org.bluetooth.characteristic.ieee_11073-20601_regulatory_certification_data_list\"><InformativeText>             This characteristic represents regulatory and certification information for the product in a list defined in IEEE 11073-20601.           </InformativeText><Requirement>Optional</Requirement><Properties><Read>Mandatory</Read><Write>Excluded</Write><WriteWithoutResponse>Excluded</WriteWithoutResponse><SignedWrite>Excluded</SignedWrite><ReliableWrite>Excluded</ReliableWrite><Notify>Excluded</Notify><Indicate>Excluded</Indicate><WritableAuxiliaries>Excluded</WritableAuxiliaries><Broadcast>Excluded</Broadcast></Properties></Characteristic><Characteristic name=\"PnP ID\" type=\"org.bluetooth.characteristic.pnp_id\"><InformativeText>             The PnP_ID characteristic is a set of values used to create a device ID value that is unique for this device.           </InformativeText><Requirement>Optional</Requirement><Properties><Read>Mandatory</Read><Write>Excluded</Write><WriteWithoutResponse>Excluded</WriteWithoutResponse><SignedWrite>Excluded</SignedWrite><ReliableWrite>Excluded</ReliableWrite><Notify>Excluded</Notify><Indicate>Excluded</Indicate><WritableAuxiliaries>Excluded</WritableAuxiliaries><Broadcast>Excluded</Broadcast></Properties></Characteristic></Characteristics></Service>",
                      "type" : "org.bluetooth.service.device_information"
                  }
                },{ "name": 180d",
                    "item" : {
                      "name" : "Heart Rate",
                      "type" : "org.bluetooth.service.heart_rate"
                  }
                },{ "name": 180e",
                    "item" : {
                      "name" : "Phone Alert Status Service",
                      "type" : "org.bluetooth.service.phone_alert_service"
                  }
                },{ "name": 180f",
                    "item" : {
                      "name" : "Battery Service",
                      "service" : "<Service xsi:noNamespaceSchemaLocation=\"http://schemas.bluetooth.org/Documents/service.xsd\" xmlns:xsi=\"http://www.w3.org/2001/XMLSchema-instance\" name=\"Battery Service\" type=\"org.bluetooth.service.battery_service\" uuid=\"180F\" last-modified=\"2011-12-12\"><InformativeText><Abstract>             The Battery Service exposes the state of a battery within a device. \t\t</Abstract><Summary>                         The Battery Service exposes the Battery State and Battery Level of a single battery or set of batteries in a device. \t\t</Summary></InformativeText><Dependencies><Dependency>This service has no dependencies on other GATT-based services.</Dependency></Dependencies><GATTRequirements><Requirement subProcedure=\"Read Characteristic Descriptors\">Mandatory</Requirement><Requirement subProcedure=\"Notifications\">C1: Mandatory if the Battery Level characteristic properties supports notification, otherwise excluded.</Requirement><Requirement subProcedure=\"Write Characteristic Descriptors\">C1: Mandatory if the Battery Level characteristic properties supports notification, otherwise excluded.</Requirement></GATTRequirements><Transports><Classic>true</Classic><LowEnergy>true</LowEnergy></Transports><ErrorCodes></ErrorCodes><Characteristics><Characteristic name=\"Battery Level\" type=\"org.bluetooth.characteristic.battery_level\"><InformativeText>                 The Battery Level characteristic is read using the GATT Read Characteristic Value sub-procedure and returns the current battery level as a percentage from 0% to 100%;                  0% represents a battery that is fully discharged, 100% represents a battery that is fully charged. \t        </InformativeText><Requirement>Mandatory</Requirement><Properties><Read>Mandatory</Read><Write>Excluded</Write><WriteWithoutResponse>Excluded</WriteWithoutResponse><SignedWrite>Excluded</SignedWrite><ReliableWrite>Excluded</ReliableWrite><Notify>Optional</Notify><Indicate>Excluded</Indicate><WritableAuxiliaries>Excluded</WritableAuxiliaries><Broadcast>Excluded</Broadcast></Properties><Descriptors><Descriptor name=\"Characteristic Presentation Format\" type=\"org.bluetooth.descriptor.gatt.characteristic_presentation_format\"><Requirement>if_multiple_service_instances</Requirement><Properties><Read>Mandatory</Read><Write>Excluded</Write></Properties></Descriptor><Descriptor name=\"Client Characteristic Configuration\" type=\"org.bluetooth.descriptor.gatt.client_characteristic_configuration\"><Requirement>if_notify_or_indicate_supported</Requirement><Properties><Read>Mandatory</Read><Write>Mandatory</Write></Properties></Descriptor></Descriptors></Characteristic></Characteristics></Service>",
                      "type" : "org.bluetooth.service.battery_service"
                  }
                },{ "name": 181a",
                    "item" : {
                      "name" : "Environmental Sensing",
                      "type" : "org.bluetooth.service.environmental_sensing"
                  }
                },{ "name": 181b",
                    "item" : {
                      "name" : "Body Composition",
                      "type" : "org.bluetooth.service.body_composition"
                  }
                },{ "name": 181c",
                    "item" : {
                      "name" : "User Data",
                      "type" : "org.bluetooth.service.user_data"
                  }
                },{ "name": 181d",
                    "item" : {
                      "name" : "Weight Scale",
                      "type" : "org.bluetooth.service.weight_scale"
                  }
                },{ "name": 181e",
                    "item" : {
                      "name" : "Bond Management",
                      "type" : "org.bluetooth.service.bond_management"
                  }
                },{ "name": 181f",
                    "item" : {
                      "name" : "Continuous Glucose Monitoring",
                      "type" : "org.bluetooth.service.continuous_glucose_monitoring"
                    }
                }
      ]
    }]
  }
}
