{
  "RelationTypes":[
    {
      "display" : "Proprietário",
      "value" : "ownedBy"
    },{
      "display" : "Conectado à",
      "value" : "connectedTo"
    },{
      "display" : "Subscrito por",
      "value" : "subscribedBy"
    },{
      "display" : "Assinante em",
      "value" : "subscriberAt"
    }],
  "UnitTypes":[{
          "display" : "Centimetros",
          "value" : "cm"
        },
        {
          "display" : "Metros",
          "value" : "m"
        },
        {
          "display" : "Percentual",
          "value" : "%"
        },
        {
          "display" : "Celsius",
          "value" : "°C"
        },
        {
          "display" : "Movimento",
          "value" : "!"
        },
        {
          "display" : "Litros",
          "value" : "l"
        },
        {
          "display" : "Candela",
          "value" : "cd"
        }
      ],
  "PinTypes":[{
          "display" : "DIGITAL",
          "pre" : "D"
        },{
          "display" : "ANALOGIC",
          "pre" : "A"
        }],
  "SearchOptions":[{
            "availableAttributes" : [
              "tweet_volume"
            ],
            "display" : "Trending Topics",
            "parameters" : [
              "woeid",
              "hashtag"
            ],
            "value" : "trends"
         },
         {
            "availableAttributes" : [
              "count"
            ],
            "display" : "Busca Tweets",
            "parameters" : [
              "query",
              "geocode",
              "lang",
              "locale",
              "result_type",
              "until",
              "since_id",
              "max_id"
            ],
            "value" : "search"
         }],
  "CountryTypes":[{
          "value" : "BR",
          "display" : "Brasil"
        },{
          "value" : "AR",
          "display" : "Argentina"
        },
        {
          "value" : "PR",
          "display" : "Paraguai"
        },
        {
          "value" : "UR",
          "display" : "Uruguai"
        }],
  "StateTypes":[{
             "value" : "RJ",
             "display" : "Rio de Janeiro"
           },
           {
             "value" : "SP",
             "display" : "São Paulo"
           },
           {
             "value" : "MG",
             "display" : "Minas Gerais"
           }],
  "MsgStatus": [{
           "display": "Salvo",
               "value": "SAVED",
               "index" : 0
             },{
               "display": "Enviando",
               "value": "SENDING",
               "index" : 1
             },{
               "display": "Enviado",
               "value": "SENT",
               "index" : 2
             },{
               "display": "Recebido",
               "value": "RECEIVED",
               "index" : 3
             },{
               "display": "Lido",
               "value": "READ",
               "index" : 4
             },{
               "display": "Falha",
               "value": "FAILED",
               "index" : -2
             },{
               "display": "Todos",
               "value": "ALL",
               "index" : -1
             }],
  "LocalTypes": [{
               "display": "Comercial",
               "value" : 0
             },
             {
               "display": "Residencial",
               "value" : 1
             }],
  "Icons": [{
              "display": "Movimento",
              "path": "assets/icons/motion.svg"
            },
            {
              "display": "Oscilador",
              "path": "assets/icons/oscillator.svg"
            }]
}
